domain,category,hashtags,date
960bulltradersfx.com,Blockchain and Cryptocurrencies,"trading, cryptocurrency, account, payment, bank, money, bitcoin, ethereum, blockchain, wallet, finance, gold",18-Feb-22
aidcwm.space,Blockchain and Cryptocurrencies,"wallet, bank, money, coin, gold, payment",18-Feb-22
aidsuby.com,Blockchain and Cryptocurrencies,"money, crypto",18-Feb-22
aikob.com,Blockchain and Cryptocurrencies,"cryptocurrency, bitcoin, wallet, ethereum, binance, coin, blockchain, payment, trading, account",18-Feb-22
alienbuilt.com,Blockchain and Cryptocurrencies,"blockchain, finance",18-Feb-22
allocnetsync.com,Blockchain and Cryptocurrencies,"wallet, account, blockchain, payment",18-Feb-22
alpacadobraz.com,Blockchain and Cryptocurrencies,wallet,18-Feb-22
alphacryptominingmachines.com,Blockchain and Cryptocurrencies,"bitcoin, money, cryptocurrency",18-Feb-22
alphatradebtc.com,Blockchain and Cryptocurrencies,"cryptocurrency, trading, bitcoin, money, account, wallet, payment",18-Feb-22
ancientbtc.com,Blockchain and Cryptocurrencies,"bitcoin, coin",18-Feb-22
ancientbtc.net,Blockchain and Cryptocurrencies,"bitcoin, coin",18-Feb-22
antminersworld.com,Blockchain and Cryptocurrencies,"bitcoin, ethereum, account",18-Feb-22
appmetaversestake.com,Blockchain and Cryptocurrencies,"wallet, walletconnect",18-Feb-22
aprarible.com,Blockchain and Cryptocurrencies,"wallet, blockchain",18-Feb-22
arbitscan.com,Blockchain and Cryptocurrencies,"cryptocurrency, money, trading, account, bitcoin, fund",18-Feb-22
arenaape.com,Blockchain and Cryptocurrencies,wallet,18-Feb-22
arenaprofit.ltd,Blockchain and Cryptocurrencies,"cryptocurrency, trading, crypto, coin, wallet, account, bitcoin",18-Feb-22
artforwallet.com,Blockchain and Cryptocurrencies,wallet,18-Feb-22
asicminerdistribution.com,Blockchain and Cryptocurrencies,"ethereum, coin, bitcoin, payment, account",18-Feb-22
asurianmade.com,Blockchain and Cryptocurrencies,"wallet, payment, bitcoin, ethereum",18-Feb-22
atmmovement.net,Blockchain and Cryptocurrencies,"account, crypto, payment, bitcoin, ethereum",18-Feb-22
australian-forex-brokers.com,Blockchain and Cryptocurrencies,"trading, cryptocurrency, binance, coin, ethereum, fund, account, crypto",18-Feb-22
austria-forex.com,Blockchain and Cryptocurrencies,"trading, cryptocurrency, binance, coin, ethereum, fund, account, crypto",18-Feb-22
authenticatedapp.com,Blockchain and Cryptocurrencies,"blockchain, finance, savings",18-Feb-22
autoconnetwalls.net,Blockchain and Cryptocurrencies,"walletconnect, blockchain, wallet",18-Feb-22
axieainifinity.com,Blockchain and Cryptocurrencies,"blockchain, money, ethereum, wallet, walletconnect, binance, safepal",18-Feb-22
azuki-limited.com,Blockchain and Cryptocurrencies,"wallet, ethereum, opensea",18-Feb-22
bapes-clan.xyz,Blockchain and Cryptocurrencies,wallet,18-Feb-22
baselinecables.com,Blockchain and Cryptocurrencies,"opensea, trading, bitcoin, cryptocurrency",18-Feb-22
bears-hype.net,Blockchain and Cryptocurrencies,"wallet, blockchain, ethereum",18-Feb-22
beelts.com,Blockchain and Cryptocurrencies,"swap, walletconnect, finance, fund, trading, wallet, coinbase",18-Feb-22
bfm-crypto.com,Blockchain and Cryptocurrencies,crypto,18-Feb-22
bikinkoin.com,Blockchain and Cryptocurrencies,"crypto, coin",18-Feb-22
binancecapitalpro.com,Blockchain and Cryptocurrencies,"gold, binance",18-Feb-22
binancer.farm,Blockchain and Cryptocurrencies,"bitcoin, binance, wallet, account",18-Feb-22
binoglyphs.com,Blockchain and Cryptocurrencies,"ethereum, blockchain, wallet",18-Feb-22
bitmain.ink,Blockchain and Cryptocurrencies,"payment, bitcoin, crypto, blockchain",18-Feb-22
bitofanibble.com,Blockchain and Cryptocurrencies,"ethereum, blockchain",18-Feb-22
bitrins.com,Blockchain and Cryptocurrencies,"cryptocurrency, bitcoin, crypto, wallet, trading, ethereum, money",18-Feb-22
bitzario.com,Blockchain and Cryptocurrencies,"cryptocurrency, bitcoin, trading, crypto, wallet, ethereum, money",18-Feb-22
blockfx.ltd,Blockchain and Cryptocurrencies,"money, bitcoin, payment, cryptocurrency, wallet, blockchain",18-Feb-22
bobatama.com,Blockchain and Cryptocurrencies,"ethereum, wallet, blockchain, cryptocurrency, metamask, swap",18-Feb-22
bomb-cryptto.com,Blockchain and Cryptocurrencies,"pancakeswap, money, metamask, walletconnect, binance, wallet, safepal",18-Feb-22
boost-miners.com,Blockchain and Cryptocurrencies,"bitcoin, wallet, cryptocurrency, ethereum, trading, payment, loan, money",18-Feb-22
bosspool.xyz,Blockchain and Cryptocurrencies,"wallet, coin",18-Feb-22
bot-mana.com,Blockchain and Cryptocurrencies,"metamask, wallet",18-Feb-22
briannftminting.com,Blockchain and Cryptocurrencies,wallet,18-Feb-22
bridgeaffixsync.com,Blockchain and Cryptocurrencies,"blockchain, wallet, safepal, walletconnect, coinbase, ledger, binance",18-Feb-22
btcstockfx.com,Blockchain and Cryptocurrencies,"bitcoin, blockchain, trading, money, cryptocurrency, coinbase",18-Feb-22
btcstorkexchange.com,Blockchain and Cryptocurrencies,"cryptocurrency, money, trading, payment, bank, account, wealth, crypto, bitcoin, coin",18-Feb-22
btctaxace.com,Blockchain and Cryptocurrencies,wallet,18-Feb-22
bumblebeecrypto.com,Blockchain and Cryptocurrencies,"account, bitcoin, ethereum, blockchain",18-Feb-22
camemberteth.com,Blockchain and Cryptocurrencies,"ethereum, cryptocurrency",18-Feb-22
cartheftprotect.com,Blockchain and Cryptocurrencies,"cryptocurrency, bank, payment, insurance, money",18-Feb-22
caverncores.com,Blockchain and Cryptocurrencies,,18-Feb-22
censoredpigsnft.com,Blockchain and Cryptocurrencies,wallet,18-Feb-22
cheddabsc.club,Blockchain and Cryptocurrencies,cryptocurrency,18-Feb-22
chemistrydrugformulas.com,Blockchain and Cryptocurrencies,"ethereum, blockchain",18-Feb-22
chestnostcryptonetwork.com,Blockchain and Cryptocurrencies,bitcoin,18-Feb-22
clayfriends.club,Blockchain and Cryptocurrencies,wallet,18-Feb-22
clayfriendsnft.art,Blockchain and Cryptocurrencies,wallet,18-Feb-22
clickbtcinvestment.com,Blockchain and Cryptocurrencies,"bitcoin, crypto, cryptocurrency, bank, blockchain, payment, money, account",18-Feb-22
clickhong.com,Blockchain and Cryptocurrencies,"account, wallet, coin, bank, payment",18-Feb-22
cloud-sandbox.net,Blockchain and Cryptocurrencies,"blockchain, opensea, crypto, money, wallet, walletconnect, binance, account, safepal",18-Feb-22
coinarastirmacisi.com,Blockchain and Cryptocurrencies,coin,18-Feb-22
coin-exchange.team,Blockchain and Cryptocurrencies,coin,18-Feb-22
coinmininginvest.com,Blockchain and Cryptocurrencies,"coin, trading, bitcoin, ethereum, gold, account, cryptocurrency, blockchain, payment, crypto",18-Feb-22
coinprognose.net,Blockchain and Cryptocurrencies,"coin, altcoin",18-Feb-22
coinsaveproject.com,Blockchain and Cryptocurrencies,"coin, fund, ethereum, blockchain, wallet, crypto",18-Feb-22
conecting2daps.com,Blockchain and Cryptocurrencies,"wallet, crypto, coin",18-Feb-22
conextension.com,Blockchain and Cryptocurrencies,"wallet, polkadot, pancakeswap",18-Feb-22
coursenftguides.com,Blockchain and Cryptocurrencies,"money, cryptocurrency, ethereum, bitcoin",18-Feb-22
criptoboomers.com,Blockchain and Cryptocurrencies,"bitcoin, wallet, kraken, ethereum, coin, binance",18-Feb-22
criptonft.net,Blockchain and Cryptocurrencies,"bitcoin, coin, coinbase, ethereum, solana",18-Feb-22
cryptobaseminingmachines.com,Blockchain and Cryptocurrencies,"bitcoin, money, cryptocurrency",18-Feb-22
cryptobie.net,Blockchain and Cryptocurrencies,"bitcoin, ethereum, blockchain, account, cryptocurrency, payment, trading, bank, coinbase",18-Feb-22
cryptobitcheznft.com,Blockchain and Cryptocurrencies,wallet,18-Feb-22
cryptoblockexchange.com,Blockchain and Cryptocurrencies,"trading, bitcoin, ethereum, account, blockchain, payment, cryptocurrency, money, wallet",18-Feb-22
crypto-crew.info,Blockchain and Cryptocurrencies,"crypto, ledger",18-Feb-22
cryptocurrency-gbweb.com,Blockchain and Cryptocurrencies,cryptocurrency,18-Feb-22
crypto-currencys-us.com,Blockchain and Cryptocurrencies,crypto,18-Feb-22
cryptocurrency-us.com,Blockchain and Cryptocurrencies,cryptocurrency,18-Feb-22
cryptoisworld.com,Blockchain and Cryptocurrencies,cryptocurrency,18-Feb-22
cryptonomicks.biz,Blockchain and Cryptocurrencies,crypto,18-Feb-22
cryptoshroomss.com,Blockchain and Cryptocurrencies,crypto,18-Feb-22
cryptotaxlab.com,Blockchain and Cryptocurrencies,"crypto, cryptocurrency",18-Feb-22
cryptotradescloud.com,Blockchain and Cryptocurrencies,"bitcoin, trading, account, gold, ethereum, blockchain, coinbase, cryptocurrency, money, coin",18-Feb-22
cryptovein.net,Blockchain and Cryptocurrencies,"crypto, money",18-Feb-22
cryspyarts.com,Blockchain and Cryptocurrencies,,18-Feb-22
cs58899.com,Blockchain and Cryptocurrencies,wallet,18-Feb-22
dao-collab.land,Blockchain and Cryptocurrencies,"wallet, coinbase, crypto, blockchain, safepal",18-Feb-22
dappbridgeprotocol.com,Blockchain and Cryptocurrencies,blockchain,18-Feb-22
dappsissuestech.com,Blockchain and Cryptocurrencies,"wallet, blockchain, ethereum",18-Feb-22
dappstoolsynch.com,Blockchain and Cryptocurrencies,wallet,18-Feb-22
deauxchaintoken.com,Blockchain and Cryptocurrencies,"binance, blockchain, cryptocurrency, coin, wallet, account, bitcoin, ethereum",18-Feb-22
decentraads.com,Blockchain and Cryptocurrencies,blockchain,18-Feb-22
decentralizedweps.com,Blockchain and Cryptocurrencies,"wallet, binance, coin, polkadot, kraken, ethereum, bitcoin, money, pancakeswap, huobi, radix, finance, gold, ledger",18-Feb-22
decrypttank.com,Blockchain and Cryptocurrencies,"blockchain, account, payment, money, ledger",18-Feb-22
deluxegoats.art,Blockchain and Cryptocurrencies,wallet,18-Feb-22
deluxgoat.com,Blockchain and Cryptocurrencies,wallet,18-Feb-22
desodrive.com,Blockchain and Cryptocurrencies,blockchain,18-Feb-22
devineviper.com,Blockchain and Cryptocurrencies,"wallet, binance, account, nft, pancakeswap",18-Feb-22
dogesolciety.com,Blockchain and Cryptocurrencies,"blockchain, wallet",18-Feb-22
doodbeastmint.com,Blockchain and Cryptocurrencies,wallet,18-Feb-22
dragonsb.financial,Blockchain and Cryptocurrencies,"wallet, ethereum, bitcoin, kraken, bitfinex, binance, payment, account",18-Feb-22
dreamgirlsnft.xyz,Blockchain and Cryptocurrencies,opensea,18-Feb-22
dunkelbiotoken.com,Blockchain and Cryptocurrencies,"cryptocurrency, ethereum",18-Feb-22
eaglecoinglobal.com,Blockchain and Cryptocurrencies,"coin, cryptocurrency, pancakeswap, blockchain, payment, trading, fund, metamask, swap, wallet",18-Feb-22
easyfaucetcrypto.xyz,Blockchain and Cryptocurrencies,"crypto, bitcoin, account",18-Feb-22
edammusk.net,Blockchain and Cryptocurrencies,"blockchain, wallet, payment, metamask, binance, swap",18-Feb-22
edokannepal.com,Blockchain and Cryptocurrencies,"coin, wallet",18-Feb-22
egoldwale.com,Blockchain and Cryptocurrencies,wallet,18-Feb-22
elite-miners.net,Blockchain and Cryptocurrencies,"crypto, bitcoin, cryptocurrency, money, gold, account, wallet, payment, coin",18-Feb-22
elrondbabies.com,Blockchain and Cryptocurrencies,"blockchain, cryptocurrency, wallet",18-Feb-22
elysiumcc.com,Blockchain and Cryptocurrencies,"cryptocurrency, payment, wallet",18-Feb-22
ethere.bet,Blockchain and Cryptocurrencies,"wallet, account, money, blockchain",18-Feb-22
etherealartnfl.com,Blockchain and Cryptocurrencies,wallet,18-Feb-22
ethereum-m.com,Blockchain and Cryptocurrencies,"ethereum, blockchain, bank, money, mortgage, wallet, account, savings, payment",18-Feb-22
fashionepanft.com,Blockchain and Cryptocurrencies,wallet,18-Feb-22
fergustoken.com,Blockchain and Cryptocurrencies,wallet,18-Feb-22
fidelitycapitals.net,Blockchain and Cryptocurrencies,"cryptocurrency, trading, coin, wallet, account, bitcoin",18-Feb-22
fimgalakor.com,Blockchain and Cryptocurrencies,blockchain,18-Feb-22
financeincrease.club,Blockchain and Cryptocurrencies,"cryptocurrency, trading, crypto, coin, wallet, account, bitcoin",18-Feb-22
finansz.com,Blockchain and Cryptocurrencies,"bitcoin, ethereum, coin, polkadot, binance, money, pancakeswap, finance",18-Feb-22
firstmobilecryptofxtraders.online,Blockchain and Cryptocurrencies,"trading, crypto, bitcoin, money, bank, fund, gold",18-Feb-22
fishmanslabs-presale.com,Blockchain and Cryptocurrencies,wallet,18-Feb-22
fluxvalue.com,Blockchain and Cryptocurrencies,"bitcoin, account, ethereum, wallet, money",18-Feb-22
fmaplus.com,Blockchain and Cryptocurrencies,"account, blockchain, payment, money, coin, wallet, ledger, ethereum, crypto, bitcoin, bank",18-Feb-22
forex-trading-coaching.com,Blockchain and Cryptocurrencies,"trading, cryptocurrency, binance, coin, ethereum, fund, account, crypto",18-Feb-22
foxdao.info,Blockchain and Cryptocurrencies,"wallet, swap, ethereum, binance, metamask",18-Feb-22
fpgahome.xyz,Blockchain and Cryptocurrencies,"cryptocurrency, account, crypto, money",18-Feb-22
freebitcoinearnings.com,Blockchain and Cryptocurrencies,bitcoin,18-Feb-22
freedomtoart.com,Blockchain and Cryptocurrencies,"blockchain, money, cryptocurrency",18-Feb-22
fruitycrypto.com,Blockchain and Cryptocurrencies,crypto,18-Feb-22
ftxtraders.com,Blockchain and Cryptocurrencies,"account, crypto, trading, blockchain, cryptocurrency, bitcoin",18-Feb-22
funmoneycrypto.com,Blockchain and Cryptocurrencies,"money, crypto",18-Feb-22
future-mine.xyz,Blockchain and Cryptocurrencies,"wallet, ethereum, account, money, metamask",18-Feb-22
fxtcoins.com,Blockchain and Cryptocurrencies,"coin, crypto, bitcoin, ethereum, blockchain, money, wallet",18-Feb-22
game-of-dragons.com,Blockchain and Cryptocurrencies,"account, payment, money, crypto, bitcoin, wallet, gold",18-Feb-22
game-of-dragons.net,Blockchain and Cryptocurrencies,"account, payment, money, crypto, bitcoin, wallet, gold",18-Feb-22
gamingapeclub.xyz,Blockchain and Cryptocurrencies,wallet,18-Feb-22
gangcult.com,Blockchain and Cryptocurrencies,"coin, blockchain, money, bank",18-Feb-22
geishateahouse.club,Blockchain and Cryptocurrencies,wallet,18-Feb-22
generaldoge.space,Blockchain and Cryptocurrencies,"swap, binance, metamask, wallet, kraken, coinbase",18-Feb-22
genso-mvtokenoutreach.com,Blockchain and Cryptocurrencies,"blockchain, coin, cryptocurrency, payment, wallet",18-Feb-22
giveaway-shiba.com,Blockchain and Cryptocurrencies,"wallet, fund, ethereum, metamask, coinbase, binance, swap",18-Feb-22
give-sea.com,Blockchain and Cryptocurrencies,"opensea, wallet, cryptocurrency, payment",18-Feb-22
gladtradings.com,Blockchain and Cryptocurrencies,"cryptocurrency, trading, account",18-Feb-22
globalbitexperts.com,Blockchain and Cryptocurrencies,"trading, cryptocurrency, account, payment, bank, wallet, bitcoin, money",18-Feb-22
globalexpertltd.com,Blockchain and Cryptocurrencies,"bitcoin, ethereum, payment, wallet, bank, account",18-Feb-22
glowarion.com,Blockchain and Cryptocurrencies,"ethereum, blockchain",18-Feb-22
glowjedi.com,Blockchain and Cryptocurrencies,"ethereum, blockchain",18-Feb-22
glowmosaic.com,Blockchain and Cryptocurrencies,"ethereum, blockchain",18-Feb-22
glownano.com,Blockchain and Cryptocurrencies,"ethereum, blockchain",18-Feb-22
golitsyncapital.com,Blockchain and Cryptocurrencies,blockchain,18-Feb-22
goodgmg.com,Blockchain and Cryptocurrencies,"gold, bitcoin, cryptocurrency, trading",18-Feb-22
gr-invest.net,Blockchain and Cryptocurrencies,cryptocurrency,18-Feb-22
guarded-linking.com,Blockchain and Cryptocurrencies,"binance, coinbase, polkadot, ethereum, safepal",18-Feb-22
gummylink.com,Blockchain and Cryptocurrencies,"opensea, blockchain, account, ethereum, wallet, payment",18-Feb-22
gummy-link.com,Blockchain and Cryptocurrencies,"opensea, blockchain, account, ethereum, wallet, payment",18-Feb-22
haloglowtech.com,Blockchain and Cryptocurrencies,"ethereum, blockchain",18-Feb-22
hddcoin.bet,Blockchain and Cryptocurrencies,wallet,18-Feb-22
headinthebox.com,Blockchain and Cryptocurrencies,opensea,18-Feb-22
hourly-power.xyz,Blockchain and Cryptocurrencies,crypto,18-Feb-22
hvoemg.space,Blockchain and Cryptocurrencies,"wallet, money, coin, bank, payment",18-Feb-22
hybridprimetrade.com,Blockchain and Cryptocurrencies,"cryptocurrency, trading, bitcoin, blockchain, account, money",18-Feb-22
hypebearsnfts.art,Blockchain and Cryptocurrencies,wallet,18-Feb-22
iblockchain.one,Blockchain and Cryptocurrencies,"blockchain, bitcoin",18-Feb-22
iguanapartynft.com,Blockchain and Cryptocurrencies,"ethereum, blockchain, metamask, wallet, opensea, account",18-Feb-22
illuvium-beta.com,Blockchain and Cryptocurrencies,"ethereum, blockchain, trading, wallet",18-Feb-22
imoprinter.space,Blockchain and Cryptocurrencies,"wallet, blockchain, fund",18-Feb-22
indigobridge.pro,Blockchain and Cryptocurrencies,"ethereum, wallet",18-Feb-22
inesoftware.com,Blockchain and Cryptocurrencies,"cryptocurrency, crypto, wallet, bitcoin, coin",18-Feb-22
inflationsituation.com,Blockchain and Cryptocurrencies,"cryptocurrency, loan, crypto, insurance, savings, mortgage, account, finance, money, bank",18-Feb-22
invisiblefriends.events,Blockchain and Cryptocurrencies,wallet,18-Feb-22
invisible-friends.space,Blockchain and Cryptocurrencies,wallet,18-Feb-22
invisiblefriends-mint.art,Blockchain and Cryptocurrencies,wallet,18-Feb-22
invisiblifriends.com,Blockchain and Cryptocurrencies,"metamask, wallet",18-Feb-22
ipupinft.com,Blockchain and Cryptocurrencies,,18-Feb-22
isweb3goinggreat.com,Blockchain and Cryptocurrencies,"money, cryptocurrency, blockchain, binance, insurance, savings, trading, ethereum, account, fund, bitcoin, wallet, finance",18-Feb-22
itigerking.com,Blockchain and Cryptocurrencies,"cryptocurrency, coin, binance",18-Feb-22
jamesbondagenft.com,Blockchain and Cryptocurrencies,"blockchain, wallet, crypto, ethereum, metamask",18-Feb-22
jokerslotz.club,Blockchain and Cryptocurrencies,"money, wallet",18-Feb-22
kaotoken.com,Blockchain and Cryptocurrencies,"coin, cryptocurrency, blockchain, crypto, ethereum, finance",18-Feb-22
kdrone.biz,Blockchain and Cryptocurrencies,coin,18-Feb-22
kingshiba2k22.xyz,Blockchain and Cryptocurrencies,binance,18-Feb-22
kissmile.xyz,Blockchain and Cryptocurrencies,"nft, opensea",18-Feb-22
kolorsnft.xyz,Blockchain and Cryptocurrencies,"wallet, money",18-Feb-22
kriptoindo.com,Blockchain and Cryptocurrencies,"crypto, cryptocurrency",18-Feb-22
krivetyfinance.com,Blockchain and Cryptocurrencies,"finance, bitcoin, trading, cryptocurrency, gold, coin, ledger, blockchain, account, fund, wealth, crypto, coinbase",18-Feb-22
krypttoken.com,Blockchain and Cryptocurrencies,,18-Feb-22
latin-crypto.com,Blockchain and Cryptocurrencies,"coin, bitcoin, ethereum, binance, crypto, bank, polkadot, finance, cryptocurrency, trading, blockchain",18-Feb-22
lifefutura.com,Blockchain and Cryptocurrencies,"money, ledger, blockchain, bitcoin, ethereum, cryptocurrency, trading",18-Feb-22
likrariblechiz.com,Blockchain and Cryptocurrencies,"ethereum, trading, wallet, blockchain",18-Feb-22
liquidwalltconect.com,Blockchain and Cryptocurrencies,"wallet, blockchain, trading",18-Feb-22
livenodeauthorization.com,Blockchain and Cryptocurrencies,"wallet, ethereum",18-Feb-22
livenodeverification.com,Blockchain and Cryptocurrencies,"wallet, binance, coinbase, crypto",18-Feb-22
livesofasuna.xyz,Blockchain and Cryptocurrencies,"wallet, blockchain, ethereum",18-Feb-22
livewallverification.com,Blockchain and Cryptocurrencies,"wallet, binance, coinbase, crypto",18-Feb-22
lkcvip.com,Blockchain and Cryptocurrencies,wallet,18-Feb-22
lnvisiblle-friend.com,Blockchain and Cryptocurrencies,wallet,18-Feb-22
magiaprinter.space,Blockchain and Cryptocurrencies,"cryptocurrency, wallet, blockchain, fund",18-Feb-22
magicminersnft.com,Blockchain and Cryptocurrencies,wallet,18-Feb-22
magic-shrimp.com,Blockchain and Cryptocurrencies,blockchain,18-Feb-22
magnumcoin.net,Blockchain and Cryptocurrencies,"coin, blockchain, finance",18-Feb-22
mainappcentralization.info,Blockchain and Cryptocurrencies,"wallet, metamask, binance, finance, polkadot, coinbase, crypto, ledger, safepal, money",18-Feb-22
mainnet-rectify.com,Blockchain and Cryptocurrencies,"bitcoin, blockchain, wallet",18-Feb-22
manifold.ltd,Blockchain and Cryptocurrencies,"wallet, ethereum",18-Feb-22
marsdogeking.quest,Blockchain and Cryptocurrencies,swap,18-Feb-22
mechaguardian-mint.com,Blockchain and Cryptocurrencies,"wallet, ethereum, metamask, ledger, opensea, account",18-Feb-22
mega-income.ltd,Blockchain and Cryptocurrencies,"coin, cryptocurrency, trading, crypto",18-Feb-22
mekafight.xyz,Blockchain and Cryptocurrencies,"opensea, wallet, metamask, cryptocurrency, blockchain",18-Feb-22
melbot.net,Blockchain and Cryptocurrencies,"ethereum, blockchain",18-Feb-22
mercadodecriptomonedas.com,Blockchain and Cryptocurrencies,"crypto, bitfinex",18-Feb-22
meta-divinities.com,Blockchain and Cryptocurrencies,"wallet, gold, metamask, ethereum, trading, money, blockchain",18-Feb-22
metalionkingdomnft.com,Blockchain and Cryptocurrencies,"ethereum, blockchain, wallet",18-Feb-22
metamakrecovery.xyz,Blockchain and Cryptocurrencies,"wallet, blockchain, metamask",18-Feb-22
metapengeuinisland.com,Blockchain and Cryptocurrencies,"ethereum, blockchain, cryptocurrency",18-Feb-22
metapenguin-mint.com,Blockchain and Cryptocurrencies,"wallet, ethereum, blockchain, dao, cryptocurrency",18-Feb-22
metapenguins-island.com,Blockchain and Cryptocurrencies,"wallet, ethereum, blockchain, dao, cryptocurrency",18-Feb-22
meta-presale.net,Blockchain and Cryptocurrencies,"wallet, coin, blockchain, ledger, cryptocurrency, finance",18-Feb-22
metaversebrokerssociety.com,Blockchain and Cryptocurrencies,"opensea, crypto, wallet, ethereum, metamask, money, coinbase, binance, kraken",18-Feb-22
mexcglobal.info,Blockchain and Cryptocurrencies,"bitcoin, ethereum, trading",18-Feb-22
mgorigins.com,Blockchain and Cryptocurrencies,"ethereum, blockchain",18-Feb-22
microstrategy-x2.com,Blockchain and Cryptocurrencies,"blockchain, coin, payment, wallet, binance, coinbase, crypto",18-Feb-22
milehighapesclub.com,Blockchain and Cryptocurrencies,blockchain,18-Feb-22
minecraftpixels.com,Blockchain and Cryptocurrencies,opensea,18-Feb-22
minerdirectsale.com,Blockchain and Cryptocurrencies,"cryptocurrency, payment, money",18-Feb-22
minersrelated.com,Blockchain and Cryptocurrencies,"crypto, account, payment, bitcoin, ethereum",18-Feb-22
minerswap100.com,Blockchain and Cryptocurrencies,"coin, bitcoin, ethereum, wallet, blockchain",18-Feb-22
miningproplatform.com,Blockchain and Cryptocurrencies,"trading, cryptocurrency, bitcoin, money, account, gold, kraken, wallet",18-Feb-22
miniveefriends.com,Blockchain and Cryptocurrencies,"wallet, gold, opensea",18-Feb-22
mini-veefriends.com,Blockchain and Cryptocurrencies,"wallet, gold, opensea",18-Feb-22
mint-bunnybuddiesnft.com,Blockchain and Cryptocurrencies,wallet,18-Feb-22
mint-cryptopunk.art,Blockchain and Cryptocurrencies,wallet,18-Feb-22
mint-dakureapers.com,Blockchain and Cryptocurrencies,wallet,18-Feb-22
mint-doodlescatsnft.com,Blockchain and Cryptocurrencies,wallet,18-Feb-22
mintedjungle.com,Blockchain and Cryptocurrencies,opensea,18-Feb-22
mint-etherealartnft.net,Blockchain and Cryptocurrencies,"wallet, blockchain, metamask, ethereum, opensea",18-Feb-22
mint-gracersclub.com,Blockchain and Cryptocurrencies,wallet,18-Feb-22
mint-realapesclubnft.com,Blockchain and Cryptocurrencies,wallet,18-Feb-22
mint-tsukinft.net,Blockchain and Cryptocurrencies,wallet,18-Feb-22
mlbtoken.one,Blockchain and Cryptocurrencies,wallet,18-Feb-22
moonlightcryptotrading.com,Blockchain and Cryptocurrencies,"crypto, trading, bitcoin, wallet, account, cryptocurrency, gold, payment, money",18-Feb-22
moowwa.xyz,Blockchain and Cryptocurrencies,"crypto, blockchain, wallet, money, trading, payment",18-Feb-22
msgiv.com,Blockchain and Cryptocurrencies,"crypto, wallet, cryptocurrency, payment",18-Feb-22
mutantxapes.com,Blockchain and Cryptocurrencies,wallet,18-Feb-22
mycryptocalls.com,Blockchain and Cryptocurrencies,crypto,18-Feb-22
myspring.space,Blockchain and Cryptocurrencies,"blockchain, crypto",18-Feb-22
mytokenencrypt.com,Blockchain and Cryptocurrencies,"wallet, blockchain, coinbase, ledger, polkadot, crypto, safepal",18-Feb-22
mywallonmeshautheticate.com,Blockchain and Cryptocurrencies,"walletconnect, blockchain, wallet",18-Feb-22
nafa-agency.com,Blockchain and Cryptocurrencies,"crypto, dao, cryptocurrency",18-Feb-22
naga-mint.com,Blockchain and Cryptocurrencies,"swap, crypto, ethereum, blockchain, metamask",18-Feb-22
native-bitcoin.com,Blockchain and Cryptocurrencies,bitcoin,18-Feb-22
neuropirate.xyz,Blockchain and Cryptocurrencies,,18-Feb-22
neverfeartruth.us,Blockchain and Cryptocurrencies,"wallet, ethereum, blockchain, metamask",18-Feb-22
newsconscious.com,Blockchain and Cryptocurrencies,"cryptocurrency, account, bitcoin, gold, bank",18-Feb-22
nft-alpacadabraz.com,Blockchain and Cryptocurrencies,wallet,18-Feb-22
nftflow.art,Blockchain and Cryptocurrencies,"cryptocurrency, money, fund, payment, bank",18-Feb-22
nftgamingmarket.com,Blockchain and Cryptocurrencies,"crypto, binance, blockchain, wallet, pancakeswap, cryptocurrency, trading, swap, finance",18-Feb-22
nftgos.com,Blockchain and Cryptocurrencies,"opensea, bitcoin, ethereum, solana",18-Feb-22
nftieverse.com,Blockchain and Cryptocurrencies,"blockchain, bitcoin, cryptocurrency, finance",18-Feb-22
nftmarketonline.net,Blockchain and Cryptocurrencies,"blockchain, coinbase",18-Feb-22
nftoversight.com,Blockchain and Cryptocurrencies,"wallet, fund",18-Feb-22
nftpadswaps.xyz,Blockchain and Cryptocurrencies,"swap, wallet, crypto, money, cryptocurrency, trading",18-Feb-22
nftufo.space,Blockchain and Cryptocurrencies,"opensea, metamask, wallet, ethereum",18-Feb-22
nftwaletcon.com,Blockchain and Cryptocurrencies,"crypto, wallet, blockchain, ledger, huobi, safepal, binance",18-Feb-22
ninebotcrypto.com,Blockchain and Cryptocurrencies,"crypto, binance, trading, cryptocurrency, coin, money, bitcoin, ethereum",18-Feb-22
nodeappsbot.info,Blockchain and Cryptocurrencies,"wallet, blockchain",18-Feb-22
nonfunyunable.com,Blockchain and Cryptocurrencies,"wallet, opensea, money",18-Feb-22
nowpayments.info,Blockchain and Cryptocurrencies,"bitcoin, cryptocurrency, ethereum, wallet, payment, crypto, coin",18-Feb-22
nxucoin.com,Blockchain and Cryptocurrencies,"coin, money, cryptocurrency, payment, trading, crypto, wallet, ethereum, blockchain",18-Feb-22
okcoindao.com,Blockchain and Cryptocurrencies,"cryptocurrency, bitcoin, ethereum",18-Feb-22
oton.club,Blockchain and Cryptocurrencies,,18-Feb-22
oxmose-mint.com,Blockchain and Cryptocurrencies,"wallet, metamask, account, trading",18-Feb-22
p1gcoin.com,Blockchain and Cryptocurrencies,"cryptocurrency, coin, crypto, trading, bitcoin, ethereum, money",18-Feb-22
pepeuniversenft.com,Blockchain and Cryptocurrencies,wallet,18-Feb-22
pgatoken.one,Blockchain and Cryptocurrencies,wallet,18-Feb-22
pgslot99th.club,Blockchain and Cryptocurrencies,"money, wallet",18-Feb-22
pic2nft.net,Blockchain and Cryptocurrencies,"blockchain, ethereum, wallet, payment",18-Feb-22
pierreyvesdermagne.com,Blockchain and Cryptocurrencies,"bitcoin, money, payment, wallet",18-Feb-22
play-staratlas.net,Blockchain and Cryptocurrencies,"wallet, wealth, walletconnect, metamask, binance, safepal, coinbase, account",18-Feb-22
pokerfacemetaverse.com,Blockchain and Cryptocurrencies,,18-Feb-22
polkastarter-arkrivals.com,Blockchain and Cryptocurrencies,"binance, wallet, ethereum, payment, gold, blockchain",18-Feb-22
portafolioinversiones.com,Blockchain and Cryptocurrencies,"bitcoin, ethereum, polkadot, crypto",18-Feb-22
pottscryptoinvestment.com,Blockchain and Cryptocurrencies,"bitcoin, wallet, cryptocurrency, trading, payment, ethereum, crypto, debt, loan, account",18-Feb-22
presalegylie.com,Blockchain and Cryptocurrencies,"metamask, wallet",18-Feb-22
processveriffi.xyz,Blockchain and Cryptocurrencies,"wallet, blockchain, swap, metamask",18-Feb-22
projectglaxy.com,Blockchain and Cryptocurrencies,"blockchain, cryptocurrency, ethereum, payment, wallet, bitcoin",18-Feb-22
properpeople.art,Blockchain and Cryptocurrencies,"opensea, wallet, account",18-Feb-22
rainboy-club.com,Blockchain and Cryptocurrencies,"wallet, blockchain, opensea",18-Feb-22
rakenlogin.com,Blockchain and Cryptocurrencies,"cryptocurrency, kraken, money, account, crypto, payment, bank, bitcoin, trading",18-Feb-22
rare-gem.com,Blockchain and Cryptocurrencies,"bitcoin, ethereum, cryptocurrency, payment, trading, fund, insurance",18-Feb-22
raribleap.com,Blockchain and Cryptocurrencies,"ethereum, blockchain",18-Feb-22
rarlbl.com,Blockchain and Cryptocurrencies,"blockchain, ethereum, wallet, walletconnect, binance, safepal",18-Feb-22
ratgangclub.com,Blockchain and Cryptocurrencies,"money, opensea, ledger, cryptocurrency, metamask, ethereum, wallet, binance",18-Feb-22
realestrobot.com,Blockchain and Cryptocurrencies,blockchain,18-Feb-22
rectifylinksaffix.com,Blockchain and Cryptocurrencies,"wallet, metamask, crypto, ledger, safepal, blockchain",18-Feb-22
refinedstockex.com,Blockchain and Cryptocurrencies,"cryptocurrency, bitcoin, trading, account, payment, bank, wallet, gold, ethereum, money, debt",18-Feb-22
reioer.xyz,Blockchain and Cryptocurrencies,"bitcoin, blockchain, crypto, bank, binance, cryptocurrency, money, trading, finance",18-Feb-22
reportghana.net,Blockchain and Cryptocurrencies,"account, cryptocurrency, bitcoin",18-Feb-22
resyncitificate.net,Blockchain and Cryptocurrencies,"wallet, blockchain, walletconnect, metamask, coinbase, ledger",18-Feb-22
retifyminet.com,Blockchain and Cryptocurrencies,"wallet, metamask, crypto, ledger, safepal, blockchain",18-Feb-22
rewardpoint.net,Blockchain and Cryptocurrencies,"wallet, finance, binance, blockchain, money",18-Feb-22
ripple-prize-now.com,Blockchain and Cryptocurrencies,"blockchain, account, binance, coinbase, wallet, crypto",18-Feb-22
roborovski.art,Blockchain and Cryptocurrencies,"wallet, blockchain, ethereum",18-Feb-22
rosyfloki.com,Blockchain and Cryptocurrencies,"wallet, metamask, swap",18-Feb-22
roxannemetaverse.com,Blockchain and Cryptocurrencies,,18-Feb-22
rsmzxf.space,Blockchain and Cryptocurrencies,"wallet, money, coin, payment",18-Feb-22
sagamefreecredit.com,Blockchain and Cryptocurrencies,"money, wallet",18-Feb-22
samking.biz,Blockchain and Cryptocurrencies,ethereum,18-Feb-22
scra.club,Blockchain and Cryptocurrencies,"blockchain, ethereum, wallet, money",18-Feb-22
scribblesapes.com,Blockchain and Cryptocurrencies,wallet,18-Feb-22
seedfyfund.com,Blockchain and Cryptocurrencies,"wallet, blockchain, fund, walletconnect, metamask, safepal",18-Feb-22
selenatoken.com,Blockchain and Cryptocurrencies,"blockchain, ethereum, binance, payment, money, wallet",18-Feb-22
sendbaxgeme.com,Blockchain and Cryptocurrencies,"blockchain, account, wallet, metamask",18-Feb-22
sendbaxyeme.com,Blockchain and Cryptocurrencies,"blockchain, account, wallet, metamask",18-Feb-22
sendboxqeme.com,Blockchain and Cryptocurrencies,"blockchain, account, wallet, metamask",18-Feb-22
sevenmeta.pro,Blockchain and Cryptocurrencies,nft,18-Feb-22
shiba22event.com,Blockchain and Cryptocurrencies,"crypto, wallet, cryptocurrency, payment",18-Feb-22
shibababy.club,Blockchain and Cryptocurrencies,"pancakeswap, money",18-Feb-22
shibabusd.com,Blockchain and Cryptocurrencies,"wallet, trading",18-Feb-22
shibagric.com,Blockchain and Cryptocurrencies,"blockchain, wallet, finance, trading, money, crypto, cryptocurrency, binance, fund, swap, coin",18-Feb-22
shibavaders.com,Blockchain and Cryptocurrencies,,18-Feb-22
shibnobi-shinja.com,Blockchain and Cryptocurrencies,coin,18-Feb-22
shibtokenmining.com,Blockchain and Cryptocurrencies,"cryptocurrency, coin, account, wallet, money, blockchain, ethereum, payment, finance, gold, crypto",18-Feb-22
sign-bitget.com,Blockchain and Cryptocurrencies,"cryptocurrency, trading, coin, wallet",18-Feb-22
sign-bybit.com,Blockchain and Cryptocurrencies,"cryptocurrency, trading, crypto",18-Feb-22
signinwithweb3.com,Blockchain and Cryptocurrencies,wallet,18-Feb-22
simpledroids.xyz,Blockchain and Cryptocurrencies,blockchain,18-Feb-22
smartgapgame.com,Blockchain and Cryptocurrencies,coin,18-Feb-22
smartgapnft.com,Blockchain and Cryptocurrencies,coin,18-Feb-22
smgccoin.com,Blockchain and Cryptocurrencies,"coin, cryptocurrency, wealth, money",18-Feb-22
sngefam.com,Blockchain and Cryptocurrencies,nft,18-Feb-22
sn-tokenbsc.com,Blockchain and Cryptocurrencies,"pancakeswap, binance",18-Feb-22
solanagold.biz,Blockchain and Cryptocurrencies,"gold, payment, ethereum, finance, money, blockchain, wallet, coin",18-Feb-22
solanarti.com,Blockchain and Cryptocurrencies,"wallet, coin, ledger",18-Feb-22
solanasecretsociety.club,Blockchain and Cryptocurrencies,wallet,18-Feb-22
solarminefarm.com,Blockchain and Cryptocurrencies,crypto,18-Feb-22
solburna.com,Blockchain and Cryptocurrencies,"blockchain, trading, cryptocurrency, payment, coin, wallet",18-Feb-22
solgods-mint.com,Blockchain and Cryptocurrencies,wallet,18-Feb-22
sondbaxqame.com,Blockchain and Cryptocurrencies,"blockchain, account, wallet, metamask",18-Feb-22
sondbaxqome.com,Blockchain and Cryptocurrencies,"blockchain, account, wallet, metamask",18-Feb-22
soulzminter.xyz,Blockchain and Cryptocurrencies,wallet,18-Feb-22
soulzznft.com,Blockchain and Cryptocurrencies,wallet,18-Feb-22
sowetoforum.com,Blockchain and Cryptocurrencies,"bitcoin, ethereum, blockchain, cryptocurrency, trading, bank, wallet",18-Feb-22
spathainu.com,Blockchain and Cryptocurrencies,"cryptocurrency, blockchain, coin, wallet",18-Feb-22
splinterlenbs.com,Blockchain and Cryptocurrencies,"account, wallet, blockchain, cryptocurrency, ethereum, crypto, walletconnect, binance, safepal",18-Feb-22
squirrelsnation.club,Blockchain and Cryptocurrencies,wallet,18-Feb-22
starkware.top,Blockchain and Cryptocurrencies,wallet,18-Feb-22
starsclubnft.com,Blockchain and Cryptocurrencies,"ethereum, blockchain, money",18-Feb-22
stellarlumensmetaverse.com,Blockchain and Cryptocurrencies,"nft, blockchain, cryptocurrency, bitcoin, crypto, payment, trading, wallet, finance, coinbase",18-Feb-22
studi.biz,Blockchain and Cryptocurrencies,wallet,18-Feb-22
swiftminingplantwave.com,Blockchain and Cryptocurrencies,"bitcoin, wallet, bank, blockchain, cryptocurrency, payment, trading, account, money",18-Feb-22
swift-walletconnect.com,Blockchain and Cryptocurrencies,"wallet, cryptocurrency",18-Feb-22
swirixmining.com,Blockchain and Cryptocurrencies,,18-Feb-22
syncallocationbridge.com,Blockchain and Cryptocurrencies,"wallet, account, blockchain, payment",18-Feb-22
synergycmarkets.com,Blockchain and Cryptocurrencies,"coin, bitcoin, ethereum, account, cryptocurrency, wallet, trading, fund",18-Feb-22
tagtool.info,Blockchain and Cryptocurrencies,wallet,18-Feb-22
teknobiyolog.com,Blockchain and Cryptocurrencies,"ethereum, bitcoin",18-Feb-22
thecryptodrudge.com,Blockchain and Cryptocurrencies,"bitcoin, cryptocurrency, money, crypto, ethereum, trading, coin, polkadot, binance",18-Feb-22
thekryptoplace.com,Blockchain and Cryptocurrencies,"trading, gold, ethereum, cryptocurrency, blockchain, ledger, account, binance, coin, wallet",18-Feb-22
thelizardloungenft.com,Blockchain and Cryptocurrencies,"ethereum, blockchain",18-Feb-22
themonitor.xyz,Blockchain and Cryptocurrencies,opensea,18-Feb-22
theothersidemint.com,Blockchain and Cryptocurrencies,wallet,18-Feb-22
theothersidenft.net,Blockchain and Cryptocurrencies,"wallet, ethereum, blockchain",18-Feb-22
thepacoin.com,Blockchain and Cryptocurrencies,coin,18-Feb-22
thesmartbeats.com,Blockchain and Cryptocurrencies,wallet,18-Feb-22
thetalkfuse.com,Blockchain and Cryptocurrencies,cryptocurrency,18-Feb-22
tmc-nfts.xyz,Blockchain and Cryptocurrencies,,18-Feb-22
todainft.com,Blockchain and Cryptocurrencies,"opensea, nft",18-Feb-22
tokenspoccket.pro,Blockchain and Cryptocurrencies,polkadot,18-Feb-22
traders-folio.com,Blockchain and Cryptocurrencies,"cryptocurrency, bitcoin, blockchain, money, ethereum, crypto, trading",18-Feb-22
treasurekeytoken.com,Blockchain and Cryptocurrencies,"cryptocurrency, wallet, binance, crypto, swap, bank",18-Feb-22
tronex.club,Blockchain and Cryptocurrencies,"money, bitcoin, wallet, wealth, blockchain, cryptocurrency, gold, ethereum",18-Feb-22
trustforexbroker.com,Blockchain and Cryptocurrencies,"cryptocurrency, wallet",18-Feb-22
tryblockchange.com,Blockchain and Cryptocurrencies,,18-Feb-22
tsl-ex.com,Blockchain and Cryptocurrencies,"cryptocurrency, trading, account",18-Feb-22
tsuklnft.com,Blockchain and Cryptocurrencies,wallet,18-Feb-22
tuantuanyuanyuan.top,Blockchain and Cryptocurrencies,"swap, wallet, binance, kraken, coinbase, metamask, pancakeswap",18-Feb-22
tunodo.space,Blockchain and Cryptocurrencies,crypto,18-Feb-22
ufalove88.xyz,Blockchain and Cryptocurrencies,wallet,18-Feb-22
ufa-thaibet.com,Blockchain and Cryptocurrencies,"money, wallet",18-Feb-22
ultragoldcoin.com,Blockchain and Cryptocurrencies,"cryptocurrency, trading, bitcoin, coin, account",18-Feb-22
undergroundpassport.com,Blockchain and Cryptocurrencies,cryptocurrency,18-Feb-22
updatemask.xyz,Blockchain and Cryptocurrencies,"wallet, blockchain, swap, metamask",18-Feb-22
validatewallets-sync.com,Blockchain and Cryptocurrencies,"wallet, blockchain",18-Feb-22
verificationaskupdate.xyz,Blockchain and Cryptocurrencies,"wallet, blockchain, swap, metamask",18-Feb-22
verificationm-update.xyz,Blockchain and Cryptocurrencies,"wallet, blockchain, swap, metamask",18-Feb-22
vidulium.com,Blockchain and Cryptocurrencies,"blockchain, bitcoin",18-Feb-22
vincentvanpeteghem.com,Blockchain and Cryptocurrencies,"bitcoin, money, payment, wallet",18-Feb-22
vmax88.com,Blockchain and Cryptocurrencies,wallet,18-Feb-22
voiceofcrptomagazine.com,Blockchain and Cryptocurrencies,"crypto, cryptocurrency, trading, ethereum, wallet, blockchain",18-Feb-22
wallet-polygn.technology,Blockchain and Cryptocurrencies,"wallet, ethereum",18-Feb-22
walletsolutionfix.com,Blockchain and Cryptocurrencies,"cryptocurrency, wallet, ethereum, blockchain, bitcoin, crypto, binance, coin",18-Feb-22
wbatoken.one,Blockchain and Cryptocurrencies,wallet,18-Feb-22
wcminetin.com,Blockchain and Cryptocurrencies,"walletconnect, wallet, coinbase, polkadot, solana, ethereum, safepal, ledger",18-Feb-22
web3lon.com,Blockchain and Cryptocurrencies,"metamask, wallet, pancakeswap, coinbase, binance, swap",18-Feb-22
web3tide.com,Blockchain and Cryptocurrencies,,18-Feb-22
web3-u.com,Blockchain and Cryptocurrencies,,18-Feb-22
wedort.com,Blockchain and Cryptocurrencies,wallet,18-Feb-22
winsen.biz,Blockchain and Cryptocurrencies,bitcoin,18-Feb-22
wolfindicator.com,Blockchain and Cryptocurrencies,cryptocurrency,18-Feb-22
wonderwallmetaverse.com,Blockchain and Cryptocurrencies,,18-Feb-22
wonkeydonkeynft.com,Blockchain and Cryptocurrencies,wallet,18-Feb-22
worldofzosei.com,Blockchain and Cryptocurrencies,"blockchain, ethereum, wallet",18-Feb-22
worldwidenews321.com,Blockchain and Cryptocurrencies,"finance, cryptocurrency, money",18-Feb-22
xifrarewards.com,Blockchain and Cryptocurrencies,"money, account, bitcoin",18-Feb-22
xnftx001.com,Blockchain and Cryptocurrencies,"trading, ethereum, polkadot",18-Feb-22
xn--pax-noa1io5d.com,Blockchain and Cryptocurrencies,wallet,18-Feb-22
xrp-kr.net,Blockchain and Cryptocurrencies,"blockchain, cryptocurrency, payment, wallet",18-Feb-22
xtcoinvest.com,Blockchain and Cryptocurrencies,"finance, cryptocurrency, coin, trading, money, payment, bitcoin, account",18-Feb-22
yeardigitaltechnology.com,Blockchain and Cryptocurrencies,"crypto, cryptocurrency, bitcoin, ethereum, trading, money, account, payment",18-Feb-22
yournode.space,Blockchain and Cryptocurrencies,crypto,18-Feb-22
yoursdice.com,Blockchain and Cryptocurrencies,ethereum,18-Feb-22
zbaphv.space,Blockchain and Cryptocurrencies,"wallet, coin, money, bank, payment",18-Feb-22
zgnztoken.com,Blockchain and Cryptocurrencies,coin,18-Feb-22
zixicoin.com,Blockchain and Cryptocurrencies,"coin, blockchain, bitcoin, money, ledger, ethereum, payment",18-Feb-22
zoofrenz.art,Blockchain and Cryptocurrencies,wallet,18-Feb-22
zscourses.com,Blockchain and Cryptocurrencies,"crypto, trading, blockchain",18-Feb-22
zulluck.com,Blockchain and Cryptocurrencies,"account, blockchain",18-Feb-22
ace-capital.ltd,Banking and Financial Services,"account, cryptocurrency, blockchain, money, fund, payment",18-Feb-22
agiletradesfx.com,Banking and Financial Services,"trading, account, money, gold, bitcoin, bank, payment",18-Feb-22
airwayinvestmentlimited.biz,Banking and Financial Services,"bitcoin, wallet, cryptocurrency, trading, payment, ethereum, debt, loan, account",18-Feb-22
apexalliance.ltd,Banking and Financial Services,"payment, wealth, account, trading, cryptocurrency, money, insurance, bitcoin, wallet",18-Feb-22
arodcorptrade.net,Banking and Financial Services,"account, bitcoin, ethereum, cryptocurrency, trading, gold, payment, money",18-Feb-22
aveninuc.com,Banking and Financial Services,"coin, account, cryptocurrency, bitcoin, trading, crypto, wealth",18-Feb-22
batch-fund.sbs,Banking and Financial Services,"fund, finance, bitcoin, account, trading",18-Feb-22
bestincomebroker.com,Banking and Financial Services,"bitcoin, payment, money, account, savings, gold, cryptocurrency",18-Feb-22
bitcoinonlineprofits.com,Banking and Financial Services,"trading, money, wealth, bitcoin, payment, account, wallet, bank, cryptocurrency, insurance, coin",18-Feb-22
bitdaisyftxcryptos.com,Banking and Financial Services,"money, cryptocurrency, gold, payment, wallet, account, bank",18-Feb-22
bitinvestsfx.com,Banking and Financial Services,"bitcoin, account, cryptocurrency, ethereum, trading, money, payment",18-Feb-22
bitmarket.ltd,Banking and Financial Services,"cryptocurrency, trading, wealth, money, account",18-Feb-22
bityel.com,Banking and Financial Services,"cryptocurrency, bitcoin, trading, wallet, account, insurance",18-Feb-22
bras-investments.com,Banking and Financial Services,"money, account, cryptocurrency, trading",18-Feb-22
briztrade.info,Banking and Financial Services,"trading, money, gold, cryptocurrency, payment, account, wallet",18-Feb-22
bunihmarkets.com,Banking and Financial Services,"trading, account, cryptocurrency",18-Feb-22
cartercapitalcorp.com,Banking and Financial Services,"payment, trading, account, gold, bitcoin, ethereum, cryptocurrency, money, wallet, coin",18-Feb-22
codexfinance.ltd,Banking and Financial Services,"finance, account, trading, cryptocurrency",18-Feb-22
coinsinvestgroup.com,Banking and Financial Services,"coin, trading, gold, account, payment, fund, money, bitcoin",18-Feb-22
connectinvestmentaccount.com,Banking and Financial Services,"account, trading, cryptocurrency",18-Feb-22
cryptoexpertsfx.com,Banking and Financial Services,"money, cryptocurrency, gold, payment, wallet, account, bitcoin, crypto",18-Feb-22
cryptofinancepips.com,Banking and Financial Services,"trading, crypto, finance, account, cryptocurrency, money, wallet, gold, payment",18-Feb-22
cryptogenfx.com,Banking and Financial Services,"cryptocurrency, trading, payment, money, gold, bitcoin, bank",18-Feb-22
cryptomininginvesment.com,Banking and Financial Services,"bitcoin, trading, blockchain, money, payment, account, gold, crypto",18-Feb-22
cryptosplug.com,Banking and Financial Services,"trading, crypto, cryptocurrency, account, money, bitcoin, ethereum",18-Feb-22
cryptowebex.com,Banking and Financial Services,"wealth, crypto, coin, money, payment",18-Feb-22
daisyinvestmenthub.com,Banking and Financial Services,"account, trading, bitcoin, money, cryptocurrency",18-Feb-22
dimefxplus.com,Banking and Financial Services,"trading, loan, account, mortgage, cryptocurrency",18-Feb-22
dwtbex.com,Banking and Financial Services,"cryptocurrency, trading",18-Feb-22
easy-fix.ltd,Banking and Financial Services,"trading, cryptocurrency, money, fund, payment, bitcoin",18-Feb-22
flipcoincryptoinvt.com,Banking and Financial Services,"coin, crypto, bitcoin, fund, savings, money, account, trading, cryptocurrency",18-Feb-22
fundinvestmentltd.com,Banking and Financial Services,"fund, money, cryptocurrency, gold, payment, wallet, account",18-Feb-22
harvardcryptostock.com,Banking and Financial Services,"bitcoin, money, cryptocurrency, trading, account, wallet, payment",18-Feb-22
lindexfinance.ltd,Banking and Financial Services,"finance, bitcoin, cryptocurrency, trading, account, money, blockchain, wealth",18-Feb-22
rtechbiz.com,Banking and Financial Services,"cryptocurrency, bitcoin, account, payment",18-Feb-22
scamsdetector.com,Banking and Financial Services,"insurance, account, crypto, money",18-Feb-22
skyproinvestment.com,Banking and Financial Services,"cryptocurrency, gold, payment, money, wallet, account",18-Feb-22
summitminercolony.com,Banking and Financial Services,"money, cryptocurrency, payment, wallet, account, trading",18-Feb-22
swiftfxcapital.com,Banking and Financial Services,"trading, cryptocurrency, account, wallet",18-Feb-22
truvafx55.com,Banking and Financial Services,"account, cryptocurrency, money, payment, swap, trading",18-Feb-22
ultracryptoreturns.com,Banking and Financial Services,"cryptocurrency, trading, money, crypto, payment, insurance, account, gold, bitcoin, bank",18-Feb-22
whalescryptohub.com,Banking and Financial Services,"trading, cryptocurrency, bitcoin",18-Feb-22
white-finance.com,Banking and Financial Services,"trading, finance, account, money, wallet, bitcoin, blockchain, coinbase, cryptocurrency",18-Feb-22
wisdom-coin.pro,Banking and Financial Services,"coin, cryptocurrency, trading, account",18-Feb-22
2022cardano.net,Blockchain and Cryptocurrencies,"#coin,#cryptocurrency,#wallet,#payment",20-Feb-22
22ripple.net,Blockchain and Cryptocurrencies,"#blockchain,#cryptocurrency,#payment,#wallet",20-Feb-22
seaio.online,Blockchain and Cryptocurrencies,"#crypto,#bitcoin,#binance,#coin,#account,#gold,#bank",20-Feb-22
solanders.site,Blockchain and Cryptocurrencies,"#blockchain,#wallet",20-Feb-22
solandersmint.site,Blockchain and Cryptocurrencies,"#blockchain,#wallet",20-Feb-22
ssea.online,Blockchain and Cryptocurrencies,"#crypto,#bitcoin,#binance,#coin,#account,#gold,#bank",20-Feb-22
stsignals.online,Blockchain and Cryptocurrencies,#bitcoin,20-Feb-22
takila.site,Blockchain and Cryptocurrencies,"#crypto,#blockchain,#bitcoin,#opensea,#cryptocurrency",20-Feb-22
thesotherside.site,Blockchain and Cryptocurrencies,#wallet,20-Feb-22
tokensolutions.online,Blockchain and Cryptocurrencies,"#bitcoin,#blockchain,#wallet,#cryptocurrency,#ethereum",20-Feb-22
tombl.financial,Blockchain and Cryptocurrencies,"#finance,#wallet,#walletconnect,#coinbase",20-Feb-22
tradebenchfx.digital,Blockchain and Cryptocurrencies,"#trading,#account,#payment,#cryptocurrency,#bitcoin,#coin,#ledger,#blockchain,#wallet",20-Feb-22
tradeox.biz,Blockchain and Cryptocurrencies,"#coin,#bitcoin,#cryptocurrency,#crypto,#blockchain,#fund,#trading,#payment,#account,#wallet,#binance",20-Feb-22
tysenonwa.online,Blockchain and Cryptocurrencies,"#blockchain,#crypto,#wallet,#finance,#coin",20-Feb-22
uniteddogeworld.com,Blockchain and Cryptocurrencies,#dogecoin,20-Feb-22
usdtmining.online,Blockchain and Cryptocurrencies,"#crypto,#account,#wallet,#money,#tether",20-Feb-22
valentine-token.site,Blockchain and Cryptocurrencies,"#binance,#blockchain,#crypto,#ethereum,#wallet",20-Feb-22
validatingnewcollab.online,Blockchain and Cryptocurrencies,"#wallet,#coinbase,#crypto,#blockchain,#safepal",20-Feb-22
wealthcyborgclub.online,Blockchain and Cryptocurrencies,"#wallet,#wealth,#ethereum,#blockchain,#metamask,#gold",20-Feb-22
web3app.agency,Blockchain and Cryptocurrencies,#blockchain,20-Feb-22
x2xrp.com,Blockchain and Cryptocurrencies,"#ripple,#cryptocurrency,#wallet,#payment",20-Feb-22
xdao.claims,Blockchain and Cryptocurrencies,"#swap,#dao,#money,#polygon,#blockchain,#cryptocurrency,#bitcoin,#uniswap,#pancakeswap",20-Feb-22
yournodeis.online,Blockchain and Cryptocurrencies,#crypto,20-Feb-22
suretradingprofits.online,Banking and Financial Services,"#trading,#crypto,#money,#account,#bank,#finance,#bitcoin,#cryptocurrency",20-Feb-22
universefinance.digital,Banking and Financial Services,"#finance,#wallet,#ethereum,#bitcoin,#kraken,#bitfinex,#binance,#payment,#account",20-Feb-22
2022cardano.net,Blockchain and Cryptocurrencies,"#coin,#cryptocurrency,#wallet,#payment",20-Feb-22
22ripple.net,Blockchain and Cryptocurrencies,"#blockchain,#cryptocurrency,#payment,#wallet",20-Feb-22
algorithmi.pro,Blockchain and Cryptocurrencies,"#binance,#bitcoin,#money,#account,#cryptocurrency,#trading",20-Feb-22
aramid.finance,Blockchain and Cryptocurrencies,"#finance,#ethereum,#polygon,#blockchain",20-Feb-22
artwallet.gallery,Blockchain and Cryptocurrencies,"#opensea,#blockchain",20-Feb-22
asterixes.online,Blockchain and Cryptocurrencies,"#blockchain,#trading,#cryptocurrency,#money,#account",20-Feb-22
avast2022.online,Blockchain and Cryptocurrencies,"#wallet,#crypto,#swap,#trezor,#ledger,#polygon,#account,#cryptocurrency,#blockchain",20-Feb-22
aztecpresale.network,Blockchain and Cryptocurrencies,"#wallet,#ethereum",20-Feb-22
babykingshiba.digital,Blockchain and Cryptocurrencies,#swap,20-Feb-22
bakolita.online,Blockchain and Cryptocurrencies,#coinbase,20-Feb-22
barbowal.site,Blockchain and Cryptocurrencies,"#coin,#blockchain,#finance,#wallet,#bitcoin",20-Feb-22
bciaccess.com,Blockchain and Cryptocurrencies,"#cryptocurrency,#bitcoin,#ethereum,#tether,#coin,#solana,#dogecoin,#binance,#polkadot,#polygon",20-Feb-22
bears.fail,Blockchain and Cryptocurrencies,#bitcoin,20-Feb-22
bestofferupdefi.online,Blockchain and Cryptocurrencies,"#wallet,#blockchain",20-Feb-22
bitcoinwallet.fail,Blockchain and Cryptocurrencies,"#cryptocurrency,#wallet",20-Feb-22
blues.codes,Blockchain and Cryptocurrencies,"#opensea,#wallet",20-Feb-22
boredgoat.digital,Blockchain and Cryptocurrencies,#wallet,20-Feb-22
bossinu.site,Blockchain and Cryptocurrencies,"#crypto,#trading,#swap,#metamask,#wallet,#binance,#coin",20-Feb-22
bullieversesales.online,Blockchain and Cryptocurrencies,"#ethereum,#tether",20-Feb-22
cemetery.finance,Blockchain and Cryptocurrencies,,20-Feb-22
checkedtrades.online,Blockchain and Cryptocurrencies,"#bitcoin,#ethereum,#crypto,#trading,#account,#cryptocurrency,#cardano,#altcoin,#bank,#litecoin,#dogecoin,#polkadot,#uniswap",20-Feb-22
chino-inc.online,Blockchain and Cryptocurrencies,"#payment,#bitcoin,#trading,#fund,#blockchain,#ethereum,#cryptocurrency,#account",20-Feb-22
coa3.site,Blockchain and Cryptocurrencies,"#bitcoin,#account,#fund,#payment,#crypto",20-Feb-22
coin-trust.site,Blockchain and Cryptocurrencies,#coin,20-Feb-22
coinlist-verif.site,Blockchain and Cryptocurrencies,#coin,20-Feb-22
connectnode.online,Blockchain and Cryptocurrencies,"#bitcoin,#coin,#blockchain,#wallet,#cryptocurrency,#ethereum",20-Feb-22
crypto-space.ltd,Blockchain and Cryptocurrencies,"#wallet,#account,#cryptocurrency,#trading,#litecoin,#ethereum,#dogecoin",20-Feb-22
cryptocoinacademy.online,Blockchain and Cryptocurrencies,"#coin,#bitcoin,#ethereum,#binance",20-Feb-22
cryptoguides.online,Blockchain and Cryptocurrencies,"#crypto,#cryptocurrency,#binance",20-Feb-22
cryptonepal.digital,Blockchain and Cryptocurrencies,"#blockchain,#cryptocurrency,#bitcoin,#payment,#bank,#ethereum,#ripple,#crypto,#trading,#insurance,#money,#tether,#coin",20-Feb-22
cyclicswitch.online,Blockchain and Cryptocurrencies,"#wallet,#account,#blockchain,#payment",20-Feb-22
decemtral.online,Blockchain and Cryptocurrencies,"#polygon,#blockchain,#wallet,#ethereum",20-Feb-22
digitalsynchub.online,Blockchain and Cryptocurrencies,"#bitcoin,#coin,#blockchain,#wallet,#cryptocurrency,#ethereum",20-Feb-22
djl.cool,Blockchain and Cryptocurrencies,"#cryptocurrency,#ethereum,#trading,#money,#bitcoin,#blockchain",20-Feb-22
dogerewards.online,Blockchain and Cryptocurrencies,"#dogecoin,#account",20-Feb-22
ebgameiosales.online,Blockchain and Cryptocurrencies,"#sandbox,#ethereum,#tether,#wealth",20-Feb-22
elementx.site,Blockchain and Cryptocurrencies,,20-Feb-22
ethdapp.online,Blockchain and Cryptocurrencies,"#crypto,#account,#wallet,#money,#tether",20-Feb-22
fxsecuritybroker.online,Blockchain and Cryptocurrencies,"#bitcoin,#trading,#cryptocurrency,#blockchain,#money,#payment,#gold,#account",20-Feb-22
geminievent.net,Blockchain and Cryptocurrencies,"#bitcoin,#ethereum,#account,#wallet,#coinbase,#crypto",20-Feb-22
genemine.digital,Blockchain and Cryptocurrencies,"#bitcoin,#wallet,#bank,#blockchain,#cryptocurrency,#payment,#trading,#account,#money",20-Feb-22
genericapteka-web.site,Blockchain and Cryptocurrencies,#crypto,20-Feb-22
harmonyblog.online,Blockchain and Cryptocurrencies,"#ethereum,#blockchain,#binance,#wallet,#cryptocurrency",20-Feb-22
hbpay1.com,Blockchain and Cryptocurrencies,"#wallet,#coin,#account",20-Feb-22
history-of-crypto.online,Blockchain and Cryptocurrencies,#crypto,20-Feb-22
imperdible21.com,Blockchain and Cryptocurrencies,#blockchain,20-Feb-22
imshoes.online,Blockchain and Cryptocurrencies,"#opensea,#metamask,#wallet,#polygon",20-Feb-22
integratedapptools.online,Blockchain and Cryptocurrencies,"#walletconnect,#wallet,#account,#blockchain,#crypto,#uniswap,#opensea,#ethereum,#polkadot,#solana",20-Feb-22
invsibilefriends.com,Blockchain and Cryptocurrencies,#wallet,20-Feb-22
iq-trades.online,Blockchain and Cryptocurrencies,"#bitcoin,#money,#wallet,#account,#trading,#cryptocurrency,#insurance",20-Feb-22
keeks-r.gallery,Blockchain and Cryptocurrencies,#opensea,20-Feb-22
kingblog.online,Blockchain and Cryptocurrencies,"#pancakeswap,#binance,#wallet",20-Feb-22
loverrose.site,Blockchain and Cryptocurrencies,#binance,20-Feb-22
mantap88.site,Blockchain and Cryptocurrencies,#wallet,20-Feb-22
metamaskwallet.online,Blockchain and Cryptocurrencies,"#wallet,#account",20-Feb-22
metatesla.online,Blockchain and Cryptocurrencies,"#wallet,#trading,#blockchain",20-Feb-22
metaverse-matome.site,Blockchain and Cryptocurrencies,"#decentraland,#nft",20-Feb-22
mmonkey.online,Blockchain and Cryptocurrencies,"#ethereum,#cryptocurrency,#uniswap",20-Feb-22
multi-chainflex.online,Blockchain and Cryptocurrencies,"#bitcoin,#coin,#blockchain,#wallet,#cryptocurrency,#ethereum",20-Feb-22
nftmintsall.site,Blockchain and Cryptocurrencies,#wallet,20-Feb-22
nodepageinfo.online,Blockchain and Cryptocurrencies,"#wallet,#blockchain",20-Feb-22
norenewal.domains,Blockchain and Cryptocurrencies,"#coin,#wallet,#bitcoin,#ethereum,#tezos,#cryptocurrency,#blockchain",20-Feb-22
octagram.network,Blockchain and Cryptocurrencies,"#coin,#fund,#binance,#polygon,#blockchain",20-Feb-22
odon.exchange,Blockchain and Cryptocurrencies,"#wallet,#ethereum,#swap",20-Feb-22
officialapynode.online,Blockchain and Cryptocurrencies,"#blockchain,#wallet",20-Feb-22
oonews.site,Blockchain and Cryptocurrencies,"#bitcoin,#finance,#crypto,#cryptocurrency,#money,#bank,#blockchain,#coin,#fund,#ethereum",20-Feb-22
openseasdapps.com,Blockchain and Cryptocurrencies,"#account,#wallet,#opensea,#polygon,#trading",20-Feb-22
panas777.site,Blockchain and Cryptocurrencies,#wallet,20-Feb-22
panckeswaap.finance,Blockchain and Cryptocurrencies,"#pancakeswap,#finance,#trading,#wallet,#swap",20-Feb-22
polygonchain.network,Blockchain and Cryptocurrencies,#polygon,20-Feb-22
poocooiners.online,Blockchain and Cryptocurrencies,"#wallet,#binance,#gold,#blockchain,#cryptocurrency,#finance,#bitcoin,#dao,#bank,#coin",20-Feb-22
prbcoin.com,Blockchain and Cryptocurrencies,#bitcoin,20-Feb-22
projectgalaxy.finance,Blockchain and Cryptocurrencies,"#wallet,#ethereum,#bitcoin,#kraken,#bitfinex,#binance,#payment,#account",20-Feb-22
quothaisales.online,Blockchain and Cryptocurrencies,"#wallet,#ethereum,#tether,#payment",20-Feb-22
relaxfund.cfd,Blockchain and Cryptocurrencies,"#account,#trading,#crypto,#cryptocurrency,#money,#bitcoin,#tether",20-Feb-22
revalidatenode.online,Blockchain and Cryptocurrencies,"#blockchain,#savings,#sandbox",20-Feb-22
